{"cameraMode":{"drawMode":0,"name":"Shaded","section":"Shading Mode"},"sceneLighting":true,"audioPlay":false,"sceneViewState":{"showFog":true,"showMaterialUpdate":false,"showSkybox":true,"showFlares":true,"showImageEffects":true,"showParticleSystems":true},"in2DMode":false,"pivot":{"x":0.19714608788490296,"y":-6.451568126678467,"z":-13.420560836791993},"rotation":{"x":-0.22043178975582124,"y":0.02106410823762417,"z":-0.004761523101478815,"w":-0.9751643538475037},"size":0.5909439325332642,"orthographic":false}