{"cameraMode":{"drawMode":0,"name":"Shaded","section":"Shading Mode"},"sceneLighting":false,"audioPlay":false,"sceneViewState":{"showFog":true,"showMaterialUpdate":false,"showSkybox":true,"showFlares":true,"showImageEffects":true,"showParticleSystems":true},"in2DMode":false,"pivot":{"x":-0.001899301540106535,"y":0.028852596879005433,"z":-0.000020796433091163635},"rotation":{"x":0.2696911692619324,"y":-0.18489326536655427,"z":0.05284810811281204,"w":0.9435663223266602},"size":0.1257753074169159,"orthographic":false}