{"cameraMode":{"drawMode":0,"name":"Shaded","section":"Shading Mode"},"sceneLighting":true,"audioPlay":false,"sceneViewState":{"showFog":true,"showMaterialUpdate":false,"showSkybox":true,"showFlares":true,"showImageEffects":true,"showParticleSystems":true},"in2DMode":false,"pivot":{"x":-4.6377458572387699,"y":-8.773712158203125,"z":-4.512922286987305},"rotation":{"x":0.11647648364305496,"y":-0.24004662036895753,"z":0.028973665088415147,"w":0.9633792638778687},"size":11.153573036193848,"orthographic":false}