{"cameraMode":{"drawMode":0,"name":"Shaded","section":"Shading Mode"},"sceneLighting":true,"audioPlay":false,"sceneViewState":{"showFog":true,"showMaterialUpdate":false,"showSkybox":true,"showFlares":true,"showImageEffects":true,"showParticleSystems":true},"in2DMode":false,"pivot":{"x":2.803119659423828,"y":-15.23669719696045,"z":-8.19034194946289},"rotation":{"x":0.4603462815284729,"y":0.19310851395130158,"z":-0.10336107015609741,"w":0.8603616952896118},"size":11.267191886901856,"orthographic":false}