{"cameraMode":{"drawMode":0,"name":"Shaded","section":"Shading Mode"},"sceneLighting":false,"audioPlay":false,"sceneViewState":{"showFog":true,"showMaterialUpdate":false,"showSkybox":true,"showFlares":true,"showImageEffects":true,"showParticleSystems":true},"in2DMode":false,"pivot":{"x":0.10340096056461334,"y":0.05500706285238266,"z":0.0034596100449562074},"rotation":{"x":-0.32625946402549746,"y":-0.0029375487938523294,"z":0.0013270752970129252,"w":-0.9453912973403931},"size":1.4760172367095948,"orthographic":false}