{"cameraMode":{"drawMode":0,"name":"Shaded","section":"Shading Mode"},"sceneLighting":false,"audioPlay":false,"sceneViewState":{"showFog":true,"showMaterialUpdate":false,"showSkybox":true,"showFlares":true,"showImageEffects":true,"showParticleSystems":true},"in2DMode":false,"pivot":{"x":0.0,"y":0.005008777603507042,"z":-1.862645149230957e-9},"rotation":{"x":0.20480413734912873,"y":-0.03522798791527748,"z":0.007376404944807291,"w":0.9781457781791687},"size":0.1459353268146515,"orthographic":false}