{"cameraMode":{"drawMode":0,"name":"Shaded","section":"Shading Mode"},"sceneLighting":false,"audioPlay":false,"sceneViewState":{"showFog":true,"showMaterialUpdate":false,"showSkybox":true,"showFlares":true,"showImageEffects":true,"showParticleSystems":true},"in2DMode":false,"pivot":{"x":-0.06891097873449326,"y":0.08657097071409226,"z":-0.1330643594264984},"rotation":{"x":0.20943929255008698,"y":0.1111980453133583,"z":-0.02397967129945755,"w":0.9711925983428955},"size":0.6991131901741028,"orthographic":false}