{"cameraMode":{"drawMode":0,"name":"Shaded","section":"Shading Mode"},"sceneLighting":true,"audioPlay":false,"sceneViewState":{"showFog":true,"showMaterialUpdate":false,"showSkybox":true,"showFlares":true,"showImageEffects":true,"showParticleSystems":true},"in2DMode":false,"pivot":{"x":0.09095203876495362,"y":-6.424341678619385,"z":-13.277935028076172},"rotation":{"x":0.2163001149892807,"y":-0.05708036199212074,"z":0.012663662433624268,"w":0.974593460559845},"size":1.3815670013427735,"orthographic":false}