{"cameraMode":{"drawMode":0,"name":"Shaded","section":"Shading Mode"},"sceneLighting":false,"audioPlay":false,"sceneViewState":{"showFog":true,"showMaterialUpdate":false,"showSkybox":true,"showFlares":true,"showImageEffects":true,"showParticleSystems":true},"in2DMode":false,"pivot":{"x":0.032074786722660068,"y":0.01638210192322731,"z":-0.04039096087217331},"rotation":{"x":-0.19451136887073518,"y":0.027805369347333909,"z":-0.005221325904130936,"w":-0.9806056618690491},"size":0.37654533982276919,"orthographic":false}